"","time","london_se","long_distance","regional","fourweek","finyear","period","calyear","calperiod","caltime","autumn","spline"
"1","1997-98 Period 01",2,4.9,2.3,1,1997,1997,1997,4,1997.23076923077,0,2.30365147644126
"2","1997-98 Period 02",1.4,5.5,2.1,2,1997,1997.076923,1997,5,1997.30769230769,0,2.30983745577957
"3","1997-98 Period 03",2.9,5.4,2.1,3,1997,1997.153846,1997,6,1997.38461538462,0,2.31583500115297
"4","1997-98 Period 04",2.7,5.5,2.1,4,1997,1997.230769,1997,7,1997.46153846154,0,2.32137052869999
"5","1997-98 Period 05",2.4,6.5,2.8,5,1997,1997.307692,1997,8,1997.53846153846,0,2.32631284254789
"6","1997-98 Period 06",2,5.8,2.5,6,1997,1997.384615,1997,9,1997.61538461538,0,2.33056634382118
"7","1997-98 Period 07",2.1,9,2.5,7,1997,1997.461538,1997,10,1997.69230769231,1,2.33400680700467
"8","1997-98 Period 08",3,8.3,3.4,8,1997,1997.538462,1997,11,1997.76923076923,1,2.33639550002467
"9","1997-98 Period 09",3.6,7.2,2.9,9,1997,1997.615385,1997,12,1997.84615384615,1,2.33756160695968
"10","1997-98 Period 10",3.1,8.2,3.9,10,1997,1997.692308,1997,13,1997.92307692308,0,2.33772048305555
"11","1997-98 Period 11",1.9,8.4,2.5,11,1997,1997.769231,1998,1,1998,0,2.33718402634993
"12","1997-98 Period 12",2.2,6.7,2.2,12,1997,1997.846154,1998,2,1998.07692307692,0,2.3363035647976
"13","1997-98 Period 13",1.8,5.6,2.2,13,1997,1997.923077,1998,3,1998.15384615385,0,2.33558814602158
"14","1998-99 Period 01",2.1,7.8,2.9,1,1998,1998,1998,4,1998.23076923077,0,2.33552585008771
"15","1998-99 Period 02",2.3,6.4,3.1,2,1998,1998.076923,1998,5,1998.30769230769,0,2.33636316716467
"16","1998-99 Period 03",2.1,7.4,3.2,3,1998,1998.153846,1998,6,1998.38461538462,0,2.33828618994685
"17","1998-99 Period 04",2.3,6.7,4,4,1998,1998.230769,1998,7,1998.46153846154,0,2.34146745457368
"18","1998-99 Period 05",3,6.9,3.7,5,1998,1998.307692,1998,8,1998.53846153846,0,2.34602527096478
"19","1998-99 Period 06",2.4,6.3,2.8,6,1998,1998.384615,1998,9,1998.61538461538,0,2.35209026170437
"20","1998-99 Period 07",2.1,5.8,2.5,7,1998,1998.461538,1998,10,1998.69230769231,1,2.35989652625475
"21","1998-99 Period 08",3.7,11.2,4.6,8,1998,1998.538462,1998,11,1998.76923076923,1,2.36970403329771
"22","1998-99 Period 09",2.9,7.8,3.1,9,1998,1998.615385,1998,12,1998.84615384615,1,2.38185335503038
"23","1998-99 Period 10",3.5,9.1,3.7,10,1998,1998.692308,1998,13,1998.92307692308,0,2.39700747771116
"24","1998-99 Period 11",2,7.4,2.3,11,1998,1998.769231,1999,1,1999,0,2.41595344445036
"25","1998-99 Period 12",1.8,6.3,2.5,12,1998,1998.846154,1999,2,1999.07692307692,0,2.4396521117046
"26","1998-99 Period 13",1.6,4.7,2.4,13,1998,1998.923077,1999,3,1999.15384615385,0,2.46910778926712
"27","1999-00 Period 01",1.7,4.7,1.8,1,1999,1999,1999,4,1999.23076923077,0,2.50522675059792
"28","1999-00 Period 02",1.9,6,2.4,2,1999,1999.076923,1999,5,1999.30769230769,0,2.54852312382411
"29","1999-00 Period 03",1.8,6.3,2.8,3,1999,1999.153846,1999,6,1999.38461538462,0,2.59932361488822
"30","1999-00 Period 04",1.9,5.4,2.3,4,1999,1999.230769,1999,7,1999.46153846154,0,2.6575973863272
"31","1999-00 Period 05",1.8,6.8,2.8,5,1999,1999.307692,1999,8,1999.53846153846,0,2.72322421482644
"32","1999-00 Period 06",1.8,5.3,2.7,6,1999,1999.384615,1999,9,1999.61538461538,0,2.79594425034626
"33","1999-00 Period 07",2.6,5,2.4,7,1999,1999.461538,1999,10,1999.69230769231,1,2.8749391359438
"34","1999-00 Period 08",4.8,8.8,3.9,8,1999,1999.538462,1999,11,1999.76923076923,1,2.95925088795075
"35","1999-00 Period 09",3.1,7.3,3.6,9,1999,1999.615385,1999,12,1999.84615384615,1,3.04800445555227
"36","1999-00 Period 10",3.8,7.1,4.1,10,1999,1999.692308,1999,13,1999.92307692308,0,3.14065651934748
"37","1999-00 Period 11",2.4,5.3,2.3,11,1999,1999.769231,2000,1,2000,0,3.23674065916888
"38","1999-00 Period 12",2.6,4.8,2.1,12,1999,1999.846154,2000,2,2000.07692307692,0,3.33576632036846
"39","1999-00 Period 13",2.9,5,2.8,13,1999,1999.923077,2000,3,2000.15384615385,0,3.43723691467808
"40","2000-01 Period 01",2,4.9,2.6,1,2000,2000,2000,4,2000.23076923077,0,3.54053817639375
"41","2000-01 Period 02",2.2,5.1,3,2,2000,2000.076923,2000,5,2000.30769230769,0,3.64458513006807
"42","2000-01 Period 03",2.9,6.8,3.7,3,2000,2000.153846,2000,6,2000.38461538462,0,3.74803708108318
"43","2000-01 Period 04",2.7,6.9,2.5,4,2000,2000.230769,2000,7,2000.46153846154,0,3.84900116788294
"44","2000-01 Period 05",2.4,7.1,3.4,5,2000,2000.307692,2000,8,2000.53846153846,0,3.94544648717635
"45","2000-01 Period 06",2.9,10.2,4,6,2000,2000.384615,2000,9,2000.61538461538,0,4.03503851991962
"46","2000-01 Period 07",4.2,8.5,4,7,2000,2000.461538,2000,10,2000.69230769231,1,4.11422828405361
"47","2000-01 Period 08",14.2,47.1,12.5,8,2000,2000.538462,2000,11,2000.76923076923,1,4.17966747604893
"48","2000-01 Period 09",7.4,28.1,8.6,9,2000,2000.615385,2000,12,2000.84615384615,1,4.23002496950851
"49","2000-01 Period 10",8.8,27.6,11.9,10,2000,2000.692308,2000,13,2000.92307692308,0,4.26447393231839
"50","2000-01 Period 11",4.2,17.7,5.9,11,2000,2000.769231,2001,1,2001,0,4.28279312965601
"51","2000-01 Period 12",5.2,17.8,4.5,12,2000,2000.846154,2001,2,2001.07692307692,0,4.28718371586451
"52","2000-01 Period 13",3.7,14.4,3.9,13,2000,2000.923077,2001,3,2001.15384615385,0,4.28033528991537
"53","2001-02 Period 01",2.6,11.2,3.3,1,2001,2001,2001,4,2001.23076923077,0,4.26446884012797
"54","2001-02 Period 02",2.9,13.7,5.5,2,2001,2001.076923,2001,5,2001.30769230769,0,4.24168820215862
"55","2001-02 Period 03",3.2,9.9,4.7,3,2001,2001.153846,2001,6,2001.38461538462,0,4.21394321248552
"56","2001-02 Period 04",3.9,12.6,5.1,4,2001,2001.230769,2001,7,2001.46153846154,0,4.18256771087435
"57","2001-02 Period 05",3.5,11.7,5.7,5,2001,2001.307692,2001,8,2001.53846153846,0,4.14866819876415
"58","2001-02 Period 06",3.4,8.3,5.5,6,2001,2001.384615,2001,9,2001.61538461538,0,4.11305782099912
"59","2001-02 Period 07",3.6,9.5,5.6,7,2001,2001.461538,2001,10,2001.69230769231,1,4.07647638327512
"60","2001-02 Period 08",4.3,10.6,5,8,2001,2001.538462,2001,11,2001.76923076923,1,4.03959695298188
"61","2001-02 Period 09",5,13.7,5.4,9,2001,2001.615385,2001,12,2001.84615384615,1,4.00282564428506
"62","2001-02 Period 10",4.5,12.4,5.1,10,2001,2001.692308,2001,13,2001.92307692308,0,3.96659301898234
"63","2001-02 Period 11",3.2,10.1,3.3,11,2001,2001.769231,2002,1,2002,0,3.93169438262365
"64","2001-02 Period 12",3.2,9,4,12,2001,2001.846154,2002,2,2002.07692307692,0,3.899016226697
"65","2001-02 Period 13",2.7,9,3.5,13,2001,2001.923077,2002,3,2002.15384615385,0,3.86932631103508
"66","2002-03 Period 01",3.1,6.2,2.6,1,2002,2002,2002,4,2002.23076923077,0,3.84291746884926
"67","2002-03 Period 02",2.6,7.4,3.2,2,2002,2002.076923,2002,5,2002.30769230769,0,3.8199638016956
"68","2002-03 Period 03",3,9.6,3.9,3,2002,2002.153846,2002,6,2002.38461538462,0,3.80050708269848
"69","2002-03 Period 04",3.4,11.1,3.7,4,2002,2002.230769,2002,7,2002.46153846154,0,3.78405977125555
"70","2002-03 Period 05",3.7,12.6,5.5,5,2002,2002.307692,2002,8,2002.53846153846,0,3.76994432036409
"71","2002-03 Period 06",3.2,8.2,4,6,2002,2002.384615,2002,9,2002.61538461538,0,3.75725247114617
"72","2002-03 Period 07",2.6,8,3.5,7,2002,2002.461538,2002,10,2002.69230769231,1,3.74501828675525
"73","2002-03 Period 08",7.6,26.1,8.9,8,2002,2002.538462,2002,11,2002.76923076923,1,3.73229126674673
"74","2002-03 Period 09",4.6,17.9,4.9,9,2002,2002.615385,2002,12,2002.84615384615,1,3.71818265628399
"75","2002-03 Period 10",3.7,15.7,5.1,10,2002,2002.692308,2002,13,2002.92307692308,0,3.70201608914976
"76","2002-03 Period 11",5.3,12.5,3.5,11,2002,2002.769231,2003,1,2003,0,3.68390300799619
"77","2002-03 Period 12",3,9.4,3.2,12,2002,2002.846154,2003,2,2003.07692307692,0,3.66415180769279
"78","2002-03 Period 13",3,7,3.1,13,2002,2002.923077,2003,3,2003.15384615385,0,3.64308754710619
"79","2003-04 Period 01",2.9,8.4,3,1,2003,2003,2003,4,2003.23076923077,0,3.62110194109157
"80","2003-04 Period 02",2.7,7.8,2.6,2,2003,2003.076923,2003,5,2003.30769230769,0,3.59848110361381
"81","2003-04 Period 03",3.2,9.9,2.8,3,2003,2003.153846,2003,6,2003.38461538462,0,3.57502208908815
"82","2003-04 Period 04",3.9,13.5,3.6,4,2003,2003.230769,2003,7,2003.46153846154,0,3.55039968704241
"83","2003-04 Period 05",5,16.6,4,5,2003,2003.307692,2003,8,2003.53846153846,0,3.52432323689115
"84","2003-04 Period 06",3.5,9.7,2.6,6,2003,2003.384615,2003,9,2003.61538461538,0,3.49664027759546
"85","2003-04 Period 07",3.1,13.6,3.3,7,2003,2003.461538,2003,10,2003.69230769231,1,3.46726338469475
"86","2003-04 Period 08",3.3,9.8,5.3,8,2003,2003.538462,2003,11,2003.76923076923,1,3.43622708049401
"87","2003-04 Period 09",3.9,9.1,4.5,9,2003,2003.615385,2003,12,2003.84615384615,1,3.40359637398967
"88","2003-04 Period 10",3.5,7.9,4.1,10,2003,2003.692308,2003,13,2003.92307692308,0,3.36944535673843
"89","2003-04 Period 11",4.7,7.3,3.1,11,2003,2003.769231,2004,1,2004,0,3.33388445053814
"90","2003-04 Period 12",3.2,6.4,3.1,12,2003,2003.846154,2004,2,2004.07692307692,0,3.29710617016572
"91","2003-04 Period 13",2.9,6.4,2.9,13,2003,2003.923077,2004,3,2004.15384615385,0,3.25959507207346
"92","2004-05 Period 01",2.7,5.8,2.8,1,2004,2004,2004,4,2004.23076923077,0,3.22190872313248
"93","2004-05 Period 02",2.4,6.3,3.3,2,2004,2004.076923,2004,5,2004.30769230769,0,3.18453205451741
"94","2004-05 Period 03",3.2,9,3.6,3,2004,2004.153846,2004,6,2004.38461538462,0,3.14765945461711
"95","2004-05 Period 04",2.9,7.9,3.1,4,2004,2004.230769,2004,7,2004.46153846154,0,3.1114041489632
"96","2004-05 Period 05",3.8,10.6,4.1,5,2004,2004.307692,2004,8,2004.53846153846,0,3.07584525444453
"97","2004-05 Period 06",3,7.2,3.7,6,2004,2004.384615,2004,9,2004.61538461538,0,3.04105336078887
"98","2004-05 Period 07",2.8,6.2,3.3,7,2004,2004.461538,2004,10,2004.69230769231,1,3.00712434607751
"99","2004-05 Period 08",3.3,13,4.1,8,2004,2004.538462,2004,11,2004.76923076923,1,2.97425524180429
"100","2004-05 Period 09",2.9,8,3.8,9,2004,2004.615385,2004,12,2004.84615384615,1,2.9426683678162
"101","2004-05 Period 10",2.6,8.6,4.3,10,2004,2004.692308,2004,13,2004.92307692308,0,2.91257360651965
"102","2004-05 Period 11",2,6.7,3,11,2004,2004.769231,2005,1,2005,0,2.88413109055857
"103","2004-05 Period 12",3.6,6.1,2.6,12,2004,2004.846154,2005,2,2005.07692307692,0,2.85746202591312
"104","2004-05 Period 13",2.3,5.6,2.6,13,2004,2004.923077,2005,3,2005.15384615385,0,2.83258166167083
"105","2005-06 Period 01",2.2,5.2,2.7,1,2005,2005,2005,4,2005.23076923077,0,2.80947875769608
"106","2005-06 Period 02",2.2,4.3,2.6,2,2005,2005.076923,2005,5,2005.30769230769,0,2.78807007945021
"107","2005-06 Period 03",2.7,9,3.8,3,2005,2005.153846,2005,6,2005.38461538462,0,2.76798441478241
"108","2005-06 Period 04",4.2,10.3,3.8,4,2005,2005.230769,2005,7,2005.46153846154,0,2.74882823994552
"109","2005-06 Period 05",2.7,5.4,3.3,5,2005,2005.307692,2005,8,2005.53846153846,0,2.73040676241914
"110","2005-06 Period 06",2.8,6,3.1,6,2005,2005.384615,2005,9,2005.61538461538,0,2.71257487248936
"111","2005-06 Period 07",2.1,4.9,3.2,7,2005,2005.461538,2005,10,2005.69230769231,1,2.69519364843006
"112","2005-06 Period 08",3.1,9.4,4.2,8,2005,2005.538462,2005,11,2005.76923076923,1,2.67814892046545
"113","2005-06 Period 09",3.6,9.1,4.3,9,2005,2005.615385,2005,12,2005.84615384615,1,2.66137957107987
"114","2005-06 Period 10",3.1,6.1,4.1,10,2005,2005.692308,2005,13,2005.92307692308,0,2.64501193984778
"115","2005-06 Period 11",2.2,3.6,2.7,11,2005,2005.769231,2006,1,2006,0,2.62921923061618
"116","2005-06 Period 12",2.1,4.9,2.7,12,2005,2005.846154,2006,2,2006.07692307692,0,2.6141907143684
"117","2005-06 Period 13",2.3,4.4,2.5,13,2005,2005.923077,2006,3,2006.15384615385,0,2.60017993063307
"118","2006-07 Period 01",2.3,3.6,2.4,1,2006,2006,2006,4,2006.23076923077,0,2.58738595521141
"119","2006-07 Period 02",2,4.1,2.5,2,2006,2006.076923,2006,5,2006.30769230769,0,2.57572574044982
"120","2006-07 Period 03",2.4,4.9,2.8,3,2006,2006.153846,2006,6,2006.38461538462,0,2.56504570783095
"121","2006-07 Period 04",2.9,9.1,4.2,4,2006,2006.230769,2006,7,2006.46153846154,0,2.55516992098311
"122","2006-07 Period 05",2.3,5.5,3.1,5,2006,2006.307692,2006,8,2006.53846153846,0,2.54583301211727
"123","2006-07 Period 06",2.3,5.9,3.4,6,2006,2006.384615,2006,9,2006.61538461538,0,2.53673732277708
"124","2006-07 Period 07",2.4,4.7,2.9,7,2006,2006.461538,2006,10,2006.69230769231,1,2.52754546325466
"125","2006-07 Period 08",2.6,6.7,3.6,8,2006,2006.538462,2006,11,2006.76923076923,1,2.51791011102922
"126","2006-07 Period 09",3.5,7.7,3.6,9,2006,2006.615385,2006,12,2006.84615384615,1,2.50748119490948
"127","2006-07 Period 10",2.6,5.7,3.5,10,2006,2006.692308,2006,13,2006.92307692308,0,2.49589764902221
"128","2006-07 Period 11",4.3,9.5,4.5,11,2006,2006.769231,2007,1,2007,0,2.48292373224152
"129","2006-07 Period 12",2.6,6,3.2,12,2006,2006.846154,2007,2,2007.07692307692,0,2.46883599711284
"130","2006-07 Period 13",2,4.3,2.4,13,2006,2006.923077,2007,3,2007.15384615385,0,2.45403906959943
"131","2007-08 Period 01",2.1,5.3,2.6,1,2007,2007,2007,4,2007.23076923077,0,2.43893112198996
"132","2007-08 Period 02",2.4,4.2,2.4,2,2007,2007.076923,2007,5,2007.30769230769,0,2.42388451187472
"133","2007-08 Period 03",1.8,6.2,3.6,3,2007,2007.153846,2007,6,2007.38461538462,0,2.40926514316942
"134","2007-08 Period 04",2.9,10.2,4.7,4,2007,2007.230769,2007,7,2007.46153846154,0,2.39541198996045
"135","2007-08 Period 05",2,5.5,2.6,5,2007,2007.307692,2007,8,2007.53846153846,0,2.38255630701707
"136","2007-08 Period 06",1.8,4.2,2.5,6,2007,2007.384615,2007,9,2007.61538461538,0,2.37087170860358
"137","2007-08 Period 07",2.2,4.6,2.4,7,2007,2007.461538,2007,10,2007.69230769231,1,2.36040896628231
"138","2007-08 Period 08",2.4,5.2,3.4,8,2007,2007.538462,2007,11,2007.76923076923,1,2.35118814094003
"139","2007-08 Period 09",2.9,5.9,2.8,9,2007,2007.615385,2007,12,2007.84615384615,1,2.34322504525815
"140","2007-08 Period 10",2.9,6.1,3.6,10,2007,2007.692308,2007,13,2007.92307692308,0,2.33651849909677
"141","2007-08 Period 11",2.4,6,3.1,11,2007,2007.769231,2008,1,2008,0,2.331115275816
"142","2007-08 Period 12",2.1,5.8,2.4,12,2007,2007.846154,2008,2,2008.07692307692,0,2.32727095559749
"143","2007-08 Period 13",2.2,5.2,2.6,13,2007,2007.923077,2008,3,2008.15384615385,0,2.32529332032826
"144","2008-09 Period 01",1.9,4.3,1.8,1,2008,2008,2008,4,2008.23076923077,0,2.32545800168628
"145","2008-09 Period 02",2.2,5.1,2.3,2,2008,2008.076923,2008,5,2008.30769230769,0,2.32791203051334
"146","2008-09 Period 03",2.5,5.4,2.6,3,2008,2008.153846,2008,6,2008.38461538462,0,2.33275889249612
"147","2008-09 Period 04",2,5.7,2.1,4,2008,2008.230769,2008,7,2008.46153846154,0,2.34005649353703
"148","2008-09 Period 05",1.8,6,2.6,5,2008,2008.307692,2008,8,2008.53846153846,0,2.34985134459235
"149","2008-09 Period 06",1.5,4.6,2.7,6,2008,2008.384615,2008,9,2008.61538461538,0,2.36212659049706
"150","2008-09 Period 07",1.8,3.7,2.5,7,2008,2008.461538,2008,10,2008.69230769231,1,2.37661191160038
"151","2008-09 Period 08",2.2,5.7,3,8,2008,2008.538462,2008,11,2008.76923076923,1,2.39291839792133
"152","2008-09 Period 09",2.8,5.5,3.7,9,2008,2008.615385,2008,12,2008.84615384615,1,2.41043624264366
"153","2008-09 Period 10",2.3,6.4,4,10,2008,2008.692308,2008,13,2008.92307692308,0,2.42850041474233
"154","2008-09 Period 11",2.4,5.4,2.2,11,2008,2008.769231,2009,1,2009,0,2.44646720094576
"155","2008-09 Period 12",7.3,6.2,2.6,12,2008,2008.846154,2009,2,2009.07692307692,0,2.46377815899634
"156","2008-09 Period 13",1.8,3.8,1.8,13,2008,2008.923077,2009,3,2009.15384615385,0,2.48009257731442
"157","2009-10 Period 01",1.7,4.3,1.5,1,2009,2009,2009,4,2009.23076923077,0,2.49585539601828
"158","2009-10 Period 02",1.8,3,1.6,2,2009,2009.076923,2009,5,2009.30769230769,0,2.51170796815068
"159","2009-10 Period 03",1.7,4.7,2.2,3,2009,2009.153846,2009,6,2009.38461538462,0,2.52819740002748
"160","2009-10 Period 04",2.2,3.9,1.9,4,2009,2009.230769,2009,7,2009.46153846154,0,2.545493811057
"161","2009-10 Period 05",1.5,3.6,1.8,5,2009,2009.307692,2009,8,2009.53846153846,0,2.56358163424593
"162","2009-10 Period 06",1.7,3.7,2,6,2009,2009.384615,2009,9,2009.61538461538,0,2.58207954390228
"163","2009-10 Period 07",1.8,2.5,1.8,7,2009,2009.461538,2009,10,2009.69230769231,1,2.60051477465922
"164","2009-10 Period 08",2.1,4.1,2.3,8,2009,2009.538462,2009,11,2009.76923076923,1,2.61829168062464
"165","2009-10 Period 09",2.7,5.7,2.3,9,2009,2009.615385,2009,12,2009.84615384615,1,2.63432309380506
"166","2009-10 Period 10",8.6,13,4.9,10,2009,2009.692308,2009,13,2009.92307692308,0,2.64739896568169
"167","2009-10 Period 11",3.7,4.5,1.9,11,2009,2009.769231,2010,1,2010,0,2.65666831704319
"168","2009-10 Period 12",2.6,4.3,1.7,12,2009,2009.846154,2010,2,2010.07692307692,0,2.66271644590817
"169","2009-10 Period 13",1.6,3.8,1.8,13,2009,2009.923077,2010,3,2010.15384615385,0,2.66643940156446
"170","2010-11 Period 01",1.5,3.8,1.7,1,2010,2010,2010,4,2010.23076923077,0,2.66853996114691
"171","2010-11 Period 02",1.8,3.4,1.9,2,2010,2010.076923,2010,5,2010.30769230769,0,2.66967258375212
"172","2010-11 Period 03",2.2,3.6,1.7,3,2010,2010.153846,2010,6,2010.38461538462,0,2.67036832270558
"173","2010-11 Period 04",2.4,4,1.7,4,2010,2010.230769,2010,7,2010.46153846154,0,2.67066460824845
"174","2010-11 Period 05",1.6,3.9,1.8,5,2010,2010.307692,2010,8,2010.53846153846,0,2.67040982955298
"175","2010-11 Period 06",1.9,3.7,1.5,6,2010,2010.384615,2010,9,2010.61538461538,0,2.66918983460007
"176","2010-11 Period 07",2.1,3.1,1.9,7,2010,2010.461538,2010,10,2010.69230769231,1,2.66652483607278
"177","2010-11 Period 08",2.8,4.6,2.9,8,2010,2010.538462,2010,11,2010.76923076923,1,2.66182040284365
"178","2010-11 Period 09",6.7,11.3,4.2,9,2010,2010.615385,2010,12,2010.84615384615,1,2.65402352854312
"179","2010-11 Period 10",5.7,13.6,6.3,10,2010,2010.692308,2010,13,2010.92307692308,0,2.64232492274448
"180","2010-11 Period 11",2.2,4.1,2.3,11,2010,2010.769231,2011,1,2011,0,2.62734873403456
"181","2010-11 Period 12",1.8,3.4,2.1,12,2010,2010.846154,2011,2,2011.07692307692,0,2.61007747075356
"182","2010-11 Period 13",1.8,3.5,2.4,13,2010,2010.923077,2011,3,2011.15384615385,0,2.59148369379221
"183","2011-12 Period 01",2,4.3,2,1,2011,2011,2011,4,2011.23076923077,0,2.57250017424323
"184","2011-12 Period 02",1.6,3.3,1.5,2,2011,2011.076923,2011,5,2011.30769230769,0,2.55393099796991
"185","2011-12 Period 03",2.2,3.6,1.9,3,2011,2011.153846,2011,6,2011.38461538462,0,2.53610529971576
"186","2011-12 Period 04",2.8,4,1.4,4,2011,2011.230769,2011,7,2011.46153846154,0,2.51923347644435
"187","2011-12 Period 05",2.6,3.1,2,5,2011,2011.307692,2011,8,2011.53846153846,0,2.50351983387679
"188","2011-12 Period 06",2.5,4.5,1.8,6,2011,2011.384615,2011,9,2011.61538461538,0,2.489144312764
"189","2011-12 Period 07",2,4,2.1,7,2011,2011.461538,2011,10,2011.69230769231,1,2.47626830715669
"190","2011-12 Period 08",2.5,4.9,2.4,8,2011,2011.538462,2011,11,2011.76923076923,1,2.46500338927411
"191","2011-12 Period 09",2.5,4.1,2.4,9,2011,2011.615385,2011,12,2011.84615384615,1,2.45544867587764
"192","2011-12 Period 10",3.1,5.3,2.5,10,2011,2011.692308,2011,13,2011.92307692308,0,2.44771396174276
"193","2011-12 Period 11",2.6,4.6,2,11,2011,2011.769231,2012,1,2012,0,2.44195175370126
"194","2011-12 Period 12",2.7,3.8,1.8,12,2011,2011.846154,2012,2,2012.07692307692,0,2.43835825221195
"195","2011-12 Period 13",2,2.5,1.6,13,2011,2011.923077,2012,3,2012.15384615385,0,2.43726172018537
"196","2012-13 Period 01",2.1,3.4,1.6,1,2012,2012,2012,4,2012.23076923077,0,2.43902343614501
"197","2012-13 Period 02",2.5,4.4,1.9,2,2012,2012.076923,2012,5,2012.30769230769,0,2.4439702581685
"198","2012-13 Period 03",2.3,3.3,1.6,3,2012,2012.153846,2012,6,2012.38461538462,0,2.45229136255015
"199","2012-13 Period 04",1.7,5.1,2.2,4,2012,2012.230769,2012,7,2012.46153846154,0,2.46414150513841
"200","2012-13 Period 05",2.2,3.9,2.7,5,2012,2012.307692,2012,8,2012.53846153846,0,2.47963431444978
"201","2012-13 Period 06",1.5,2.8,2.1,6,2012,2012.384615,2012,9,2012.61538461538,0,2.49871890967337
"202","2012-13 Period 07",1.9,4.2,2.9,7,2012,2012.461538,2012,10,2012.69230769231,1,2.52120945906044
"203","2012-13 Period 08",2.4,4.2,2.5,8,2012,2012.538462,2012,11,2012.76923076923,1,2.54654483643898
"204","2012-13 Period 09",3.2,8.6,3.8,9,2012,2012.615385,2012,12,2012.84615384615,1,2.57407009203117
"205","2012-13 Period 10",3.4,7.1,3.9,10,2012,2012.692308,2012,13,2012.92307692308,0,2.60316553473735
"206","2012-13 Period 11",4.3,7.7,3.4,11,2012,2012.769231,2013,1,2013,0,2.63335250817048
"207","2012-13 Period 12",2.7,4.8,2,12,2012,2012.846154,2013,2,2013.07692307692,0,2.66430593185338
"208","2012-13 Period 13",2.7,4.3,2.2,13,2012,2012.923077,2013,3,2013.15384615385,0,2.69617399423551
"209","2013-14 Period 01",2.5,3,1.4,1,2013,2013,2013,4,2013.23076923077,0,2.729223200998
"210","2013-14 Period 02",1.8,2.6,1.6,2,2013,2013.076923,2013,5,2013.30769230769,0,2.76368480827282
"211","2013-14 Period 03",1.7,3.6,1.7,3,2013,2013.153846,2013,6,2013.38461538462,0,2.79964907399541
"212","2013-14 Period 04",2.1,4.6,2.2,4,2013,2013.230769,2013,7,2013.46153846154,0,2.83705359342131
"213","2013-14 Period 05",2.4,5.2,2.2,5,2013,2013.307692,2013,8,2013.53846153846,0,2.87536630928296
"214","2013-14 Period 06",2.4,4.5,1.8,6,2013,2013.384615,2013,9,2013.61538461538,0,2.91393775118239
"215","2013-14 Period 07",2.1,4,1.8,7,2013,2013.461538,2013,10,2013.69230769231,1,2.95200782085517
"216","2013-14 Period 08",4.3,6.4,2.4,8,2013,2013.538462,2013,11,2013.76923076923,1,2.98837390857251
"217","2013-14 Period 09",3.4,6.8,4,9,2013,2013.615385,2013,12,2013.84615384615,1,3.02186313998739
"218","2013-14 Period 10",6.9,7.7,3.6,10,2013,2013.692308,2013,13,2013.92307692308,0,3.05186409374434
"219","2013-14 Period 11",3.8,4.4,2,11,2013,2013.769231,2014,1,2014,0,3.07790571173581
"220","2013-14 Period 12",4.8,8.3,3.1,12,2013,2013.846154,2014,2,2014.07692307692,0,3.09979922845281
"221","2013-14 Period 13",2.6,3.5,2.1,13,2013,2013.923077,2014,3,2014.15384615385,0,3.11848504878078
"222","2014-15 Period 01",2.3,2.5,1.5,1,2014,2014,2014,4,2014.23076923077,0,3.13511506568248
"223","2014-15 Period 02",2.6,3.9,1.8,2,2014,2014.076923,2014,5,2014.30769230769,0,3.1505579540357
"224","2014-15 Period 03",2.7,3.3,1.6,3,2014,2014.153846,2014,6,2014.38461538462,0,3.16561158419696
"225","2014-15 Period 04",2.6,4,2.3,4,2014,2014.230769,2014,7,2014.46153846154,0,3.18100369039576
"226","2014-15 Period 05",3.5,5.3,2.6,5,2014,2014.307692,2014,8,2014.53846153846,0,3.19718146235337
"227","2014-15 Period 06",2.5,4.2,2,6,2014,2014.384615,2014,9,2014.61538461538,0,3.21448602957154
"228","2014-15 Period 07",2.9,5,1.9,7,2014,2014.461538,2014,10,2014.69230769231,1,3.23311482518129
"229","2014-15 Period 08",3.5,6.2,2.9,8,2014,2014.538462,2014,11,2014.76923076923,1,3.25322935822103
"230","2014-15 Period 09",3.5,5.3,2.6,9,2014,2014.615385,2014,12,2014.84615384615,1,3.27500013000397
"231","2014-15 Period 10",4,6.1,2.1,10,2014,2014.692308,2014,13,2014.92307692308,0,3.29863361094245
"232","2014-15 Period 11",3.8,4.9,2,11,2014,2014.769231,2015,1,2015,0,3.32434526372359
"233","2014-15 Period 12",2.9,3.1,1.6,12,2014,2014.846154,2015,2,2015.07692307692,0,3.3524118729153
"234","2014-15 Period 13",3,3.7,1.6,13,2014,2014.923077,2015,3,2015.15384615385,0,3.3833555106086
"235","2015-16 Period 01",3.4,4.2,1.9,1,2015,2015,2015,4,2015.23076923077,0,3.41769605306411
"236","2015-16 Period 02",2.7,3.1,1.6,2,2015,2015.076923,2015,5,2015.30769230769,0,3.4556993056977
"237","2015-16 Period 03",3.1,3.4,1.9,3,2015,2015.153846,2015,6,2015.38461538462,0,3.49756755621408
"238","2015-16 Period 04",3.5,4.4,2,4,2015,2015.230769,2015,7,2015.46153846154,0,3.54346470923973
"239","2015-16 Period 05",3.5,4.4,2,5,2015,2015.307692,2015,8,2015.53846153846,0,3.59340113708818
"240","2015-16 Period 06",3,3.8,1.7,6,2015,2015.384615,2015,9,2015.61538461538,0,3.64729964835683
"241","2015-16 Period 07",2.9,3.8,1.8,7,2015,2015.461538,2015,10,2015.69230769231,1,3.70488632908909
"242","2015-16 Period 08",3.7,5.1,2.3,8,2015,2015.538462,2015,11,2015.76923076923,1,3.76583808469011
"243","2015-16 Period 09",4.4,8.9,3.6,9,2015,2015.615385,2015,12,2015.84615384615,1,3.82979787774277
"244","2015-16 Period 10",4.4,5.2,2.2,10,2015,2015.692308,2015,13,2015.92307692308,0,3.89627289954075
"245","2015-16 Period 11",3.4,3.7,2,11,2015,2015.769231,2016,1,2016,0,3.96477081006685
"246","2015-16 Period 12",3.6,4.3,2.1,12,2015,2015.846154,2016,2,2016.07692307692,0,4.03493691534937
"247","2015-16 Period 13",3.3,5.2,1.9,13,2015,2015.923077,2016,3,2016.15384615385,0,4.10645093292803
"248","2016-17 Period 01",2.9,4.4,1.9,1,2016,2016,2016,4,2016.23076923077,0,4.17883696076996
"249","2016-17 Period 02",4,3.4,1.7,2,2016,2016.076923,2016,5,2016.30769230769,0,4.25099661855187
"250","2016-17 Period 03",7.4,5.6,2.4,3,2016,2016.153846,2016,6,2016.38461538462,0,4.32180072333735
"251","2016-17 Period 04",5.5,4.8,2,4,2016,2016.230769,2016,7,2016.46153846154,0,4.39061936002767
"252","2016-17 Period 05",4.3,4,2.2,5,2016,2016.307692,2016,8,2016.53846153846,0,4.4569474304834
"253","2016-17 Period 06",5,6,2,6,2016,2016.384615,2016,9,2016.61538461538,0,4.52038450074133
"254","2016-17 Period 07",4.2,3.1,1.6,7,2016,2016.461538,2016,10,2016.69230769231,1,4.58094879354047
"255","2016-17 Period 08",5,4.8,2.5,8,2016,2016.538462,2016,11,2016.76923076923,1,4.63879052023962
"256","2016-17 Period 09",6.8,8.1,3.8,9,2016,2016.615385,2016,12,2016.84615384615,1,4.69416918997349
"257","2016-17 Period 10",4.5,4.3,2.6,10,2016,2016.692308,2016,13,2016.92307692308,0,4.74737163632072
"258","2016-17 Period 11",4.5,3.9,1.9,11,2016,2016.769231,2017,1,2017,0,4.7987540564456
"259","2016-17 Period 12",4.3,6,2.8,12,2016,2016.846154,2017,2,2017.07692307692,0,4.84895010185491
"260","2016-17 Period 13",3.5,3.5,1.6,13,2016,2016.923077,2017,3,2017.15384615385,0,4.8986627876411
